Time,Stock,Brd,Price,Qty,BT,BC,SC,ST
15:12:10,MYOR,RG,2330,1,F,CS,YP,D
15:12:03,MYOR,RG,2330,10,D,IF,YP,D
15:10:30,MYOR,RG,2330,1,D,XC,YP,D
15:08:14,MYOR,RG,2330,1,D,XC,YP,D
15:06:55,MYOR,RG,2330,1,D,XC,YP,D
15:05:08,MYOR,RG,2330,1,F,CS,YP,D
15:05:05,MYOR,RG,2330,1,F,CS,YP,D
15:05:03,MYOR,RG,2330,8,D,YP,YP,D
15:05:02,MYOR,RG,2330,5,D,YP,YP,D
15:05:00,MYOR,RG,2330,1,D,XC,YP,D
15:00:00,MYOR,RG,2330,15,D,CC,YP,D
15:00:00,MYOR,RG,2330,1,D,NI,YP,D
15:00:00,MYOR,RG,2330,48,D,XC,YP,D
15:00:00,MYOR,RG,2330,21,D,TP,YP,D
15:00:00,MYOR,RG,2330,1,D,PD,YP,D
15:00:00,MYOR,RG,2330,3,D,CC,YP,D
15:00:00,MYOR,RG,2330,3,D,PD,YP,D
15:00:00,MYOR,RG,2330,315,F,CS,YP,D
15:00:00,MYOR,RG,2330,310,F,CS,YP,D
15:00:00,MYOR,RG,2330,1,F,CS,OD,D
15:00:00,MYOR,RG,2330,1,F,CS,XL,D
15:00:00,MYOR,RG,2330,3,F,CS,KK,D
15:00:00,MYOR,RG,2330,35,F,CS,YP,D
15:00:00,MYOR,RG,2330,20,F,CS,CP,D
15:00:00,MYOR,RG,2330,30,F,CS,CC,D
15:00:00,MYOR,RG,2330,1,F,CS,PD,D
15:00:00,MYOR,RG,2330,3,F,CS,NI,D
15:00:00,MYOR,RG,2330,13,F,CS,XC,D
15:00:00,MYOR,RG,2330,14,F,CS,CC,D
15:00:00,MYOR,RG,2330,16,F,CS,CC,D
15:00:00,MYOR,RG,2330,100,F,CS,YP,D
15:00:00,MYOR,RG,2330,35,F,CS,PD,D
15:00:00,MYOR,RG,2330,5,F,CS,LG,D
14:49:49,MYOR,RG,2320,85,D,SQ,YP,D
14:49:43,MYOR,RG,2330,9,F,CS,YP,D
14:49:39,MYOR,RG,2320,62,D,SQ,YP,D
14:49:38,MYOR,RG,2330,10,D,OD,YP,D
14:49:38,MYOR,RG,2330,1,D,PD,YP,D
14:49:02,MYOR,RG,2320,5,D,SQ,GR,D
14:48:26,MYOR,RG,2330,8,D,XC,YP,D
14:45:46,MYOR,RG,2320,6,D,SQ,CC,D
14:44:02,MYOR,RG,2330,1,D,NI,YP,D
14:43:52,MYOR,RG,2320,7,D,SQ,NI,D
14:43:48,MYOR,RG,2330,9,F,CS,YP,D
14:43:45,MYOR,RG,2330,1,D,YP,YP,D
14:43:33,MYOR,RG,2320,2,D,SQ,YP,D
14:43:15,MYOR,RG,2330,1,D,NI,YP,D
14:43:08,MYOR,RG,2330,1,D,YP,YP,D
14:42:26,MYOR,RG,2330,5,D,DH,YP,D
14:42:15,MYOR,RG,2330,5,D,YP,YP,D
14:41:34,MYOR,RG,2330,5,D,LG,YP,D
14:41:33,MYOR,RG,2320,15,D,SQ,YP,D
14:41:08,MYOR,RG,2330,2,D,XC,YP,D
14:40:20,MYOR,RG,2330,2,D,XC,YP,D
14:39:44,MYOR,RG,2320,10,D,SQ,NI,D
14:39:15,MYOR,RG,2320,1,D,SQ,DH,D
14:37:06,MYOR,RG,2320,1,D,SQ,PD,D
14:32:10,MYOR,RG,2330,3,D,PD,YP,D
14:28:23,MYOR,RG,2330,9,F,CS,YP,D
14:28:08,MYOR,RG,2320,22,D,SQ,IF,D
14:27:10,MYOR,RG,2320,1,D,SQ,PD,D
14:25:26,MYOR,RG,2320,5,D,SQ,PD,D
14:25:25,MYOR,RG,2320,1,D,SQ,PD,D
14:25:04,MYOR,RG,2320,2,D,SQ,CC,D
14:24:33,MYOR,RG,2330,4,D,HP,YP,D
14:24:30,MYOR,RG,2330,10,F,CS,YP,D
14:24:23,MYOR,RG,2330,5,D,YP,YP,D
14:24:11,MYOR,RG,2330,1,D,NI,YP,D
14:23:30,MYOR,RG,2330,8,F,CS,YP,D
14:22:56,MYOR,RG,2330,8,D,CC,YP,D
14:22:48,MYOR,RG,2330,1,D,CC,YP,D
14:22:39,MYOR,RG,2330,10,F,CS,YP,D
14:22:33,MYOR,RG,2330,120,D,OD,YP,D
14:20:43,MYOR,RG,2330,1,D,PD,YP,D
14:20:13,MYOR,RG,2330,5,D,YP,YP,D
14:18:59,MYOR,RG,2330,1,D,XC,YP,D
14:16:31,MYOR,RG,2330,3,D,XC,YP,D
14:16:26,MYOR,RG,2330,2,D,CC,YP,D
14:13:49,MYOR,RG,2320,13,D,SQ,DR,D
14:13:49,MYOR,RG,2320,12,D,SQ,DR,D
14:11:44,MYOR,RG,2330,3,D,XC,YP,D
14:11:14,MYOR,RG,2330,7,F,CS,YP,D
14:10:37,MYOR,RG,2330,25,D,EP,YP,D
14:08:30,MYOR,RG,2330,7,F,CS,YP,D
14:08:06,MYOR,RG,2320,8,D,SQ,XC,D
14:08:06,MYOR,RG,2320,1,D,PD,XC,D
14:08:06,MYOR,RG,2320,2,D,KK,XC,D
14:08:06,MYOR,RG,2320,1,D,YP,XC,D
14:08:06,MYOR,RG,2320,1,D,YP,XC,D
14:08:06,MYOR,RG,2320,7,D,PD,XC,D
14:08:03,MYOR,RG,2330,20,D,YP,YP,D
14:06:55,MYOR,RG,2330,1,D,YP,YP,D
14:05:24,MYOR,RG,2320,1,D,PD,YP,D
14:03:51,MYOR,RG,2330,9,D,YP,YP,D
14:03:42,MYOR,RG,2330,3,D,XC,YP,D
14:03:06,MYOR,RG,2330,6,F,CS,YP,D
14:02:47,MYOR,RG,2330,10,D,EP,YP,D
14:02:42,MYOR,RG,2330,4,D,YP,YP,D
14:00:34,MYOR,RG,2330,5,D,CC,YP,D
13:59:36,MYOR,RG,2330,4,D,YP,YP,D
13:58:09,MYOR,RG,2330,6,F,CS,YP,D
13:57:52,MYOR,RG,2320,32,D,PD,YP,D
13:57:08,MYOR,RG,2320,1,D,PD,XC,D
13:55:05,MYOR,RG,2320,5,D,PD,KK,D
13:53:23,MYOR,RG,2330,2,D,PD,YP,D
13:53:00,MYOR,RG,2330,1,D,XC,YP,D
13:52:38,MYOR,RG,2330,1,D,PD,YP,D
13:50:56,MYOR,RG,2320,7,D,PD,YP,D
13:50:26,MYOR,RG,2330,6,F,CS,YP,D
13:49:44,MYOR,RG,2330,5,F,CS,YP,D
13:49:39,MYOR,RG,2330,50,D,KK,YP,D
13:48:32,MYOR,RG,2330,1,D,XC,YP,D
13:46:18,MYOR,RG,2330,1,D,AT,YP,D
13:45:46,MYOR,RG,2330,1,D,XC,YP,D
13:45:16,MYOR,RG,2330,4,F,CS,YP,D
13:44:56,MYOR,RG,2330,37,F,CS,YP,D
13:44:48,MYOR,RG,2320,47,D,PD,BK,F
13:44:48,MYOR,RG,2320,1,D,NI,BK,F
13:44:48,MYOR,RG,2320,1,D,XC,BK,F
13:44:48,MYOR,RG,2320,20,D,CC,BK,F
13:44:48,MYOR,RG,2320,181,D,DR,BK,F
13:41:50,MYOR,RG,2320,1,D,DR,KK,D
13:41:33,MYOR,RG,2320,56,D,DR,DH,D
13:41:33,MYOR,RG,2320,2,D,DH,DH,D
13:41:33,MYOR,RG,2320,1,D,XC,DH,D
13:41:33,MYOR,RG,2320,1,D,XC,DH,D
13:41:33,MYOR,RG,2320,1,D,PD,DH,D
13:41:33,MYOR,RG,2320,9,D,YJ,DH,D
13:40:43,MYOR,RG,2320,7,D,YJ,TF,D
13:40:23,MYOR,RG,2330,1,D,NI,YP,D
13:39:34,MYOR,RG,2330,1,D,NI,YP,D
13:39:00,MYOR,RG,2320,84,D,YJ,YP,D
13:39:00,MYOR,RG,2320,1,D,PD,YP,D
13:39:00,MYOR,RG,2320,5,D,XC,YP,D
13:39:00,MYOR,RG,2320,1,D,XC,YP,D
13:39:00,MYOR,RG,2320,34,D,DR,YP,D
13:38:52,MYOR,RG,2320,14,D,DR,YP,D
13:38:02,MYOR,RG,2320,2,D,DR,CC,D
13:38:02,MYOR,RG,2320,1,D,CC,CC,D
13:38:02,MYOR,RG,2320,47,D,DR,CC,D
13:37:09,MYOR,RG,2320,2,D,DR,SQ,D
13:36:52,MYOR,RG,2330,1,D,YP,YP,D
13:34:42,MYOR,RG,2330,3,D,XC,YP,D
13:34:41,MYOR,RG,2320,1,D,DR,NI,D
13:34:41,MYOR,RG,2320,2,D,KK,NI,D
13:34:41,MYOR,RG,2320,1,D,XC,NI,D
13:30:19,MYOR,RG,2330,1,D,YP,YP,D
13:30:16,MYOR,RG,2330,1,D,YP,YP,D
13:30:15,MYOR,RG,2330,5,D,CC,YP,D
13:30:10,MYOR,RG,2330,2,D,PD,YP,D
13:30:09,MYOR,RG,2330,1,D,PD,YP,D
13:30:09,MYOR,RG,2330,2,D,PD,YP,D
13:30:07,MYOR,RG,2330,1,D,XC,YP,D
13:30:07,MYOR,RG,2330,5,D,XC,YP,D
13:30:07,MYOR,RG,2330,1,D,XC,YP,D
13:30:07,MYOR,RG,2330,1,D,PD,YP,D
13:30:07,MYOR,RG,2330,1,D,PD,YP,D
13:30:07,MYOR,RG,2330,1,D,XL,YP,D
13:30:07,MYOR,RG,2330,2,D,CC,YP,D
13:30:07,MYOR,RG,2330,5,D,PD,YP,D
13:30:07,MYOR,RG,2330,1,D,LG,YP,D
13:30:07,MYOR,RG,2330,1,D,XC,YP,D
13:30:07,MYOR,RG,2330,2,D,PD,YP,D
13:30:07,MYOR,RG,2330,1,D,PD,YP,D
13:30:07,MYOR,RG,2330,1,D,PD,YP,D
13:30:07,MYOR,RG,2330,1,D,PD,YP,D
13:30:07,MYOR,RG,2330,1,D,XC,YP,D
13:30:07,MYOR,RG,2330,223,D,DH,YP,D
13:30:07,MYOR,RG,2340,1,D,PD,AI,D
13:30:06,MYOR,RG,2330,8,D,DH,PD,D
13:30:05,MYOR,RG,2330,1,D,DH,DH,D
13:30:05,MYOR,RG,2330,18,D,DH,PD,D
13:30:05,MYOR,RG,2330,1,D,XC,PD,D
13:30:05,MYOR,RG,2330,1,D,PD,PD,D
13:30:05,MYOR,RG,2330,1,D,XC,PD,D
13:30:05,MYOR,RG,2330,19,D,NI,PD,D
13:30:04,MYOR,RG,2330,1,D,NI,KK,D
13:30:04,MYOR,RG,2340,10,D,IF,AI,D
11:29:06,MYOR,RG,2330,1,F,KZ,XC,D
11:29:06,MYOR,RG,2330,2,F,KZ,KZ,F
11:29:06,MYOR,RG,2330,3,F,KZ,NI,D
11:29:05,MYOR,RG,2330,17,F,KZ,NI,D
11:29:05,MYOR,RG,2330,7,F,KZ,KZ,F
11:29:05,MYOR,RG,2330,56,F,KZ,BK,F
11:28:19,MYOR,RG,2330,4,F,KZ,BK,F
11:28:18,MYOR,RG,2330,1,F,KZ,BK,F
11:28:16,MYOR,RG,2330,1,D,CC,BK,F
11:28:16,MYOR,RG,2330,1,D,CC,XC,D
11:28:16,MYOR,RG,2330,5,D,CC,KZ,F
11:28:16,MYOR,RG,2330,2,D,CC,KZ,F
11:28:16,MYOR,RG,2330,1,D,CC,YP,D
11:27:48,MYOR,RG,2330,1,F,KZ,YP,D
11:27:47,MYOR,RG,2330,2,D,XC,YP,D
11:26:36,MYOR,RG,2330,4,F,KZ,YP,D
11:26:36,MYOR,RG,2330,7,D,DH,YP,D
11:26:36,MYOR,RG,2330,1,D,NI,YP,D
11:26:36,MYOR,RG,2330,1,F,KZ,YP,D
11:26:36,MYOR,RG,2330,2,D,CC,YP,D
11:26:36,MYOR,RG,2330,1,F,KZ,YP,D
11:26:36,MYOR,RG,2330,2,D,LS,YP,D
11:26:36,MYOR,RG,2330,1,F,KZ,YP,D
11:26:36,MYOR,RG,2330,2,D,XC,YP,D
11:26:36,MYOR,RG,2330,7,F,KZ,YP,D
11:26:36,MYOR,RG,2330,15,D,YP,YP,D
11:26:36,MYOR,RG,2330,1,F,KZ,YP,D
11:26:36,MYOR,RG,2330,12,F,KZ,YP,D
11:25:43,MYOR,RG,2330,1,F,KZ,PD,D
11:22:22,MYOR,RG,2330,4,F,KZ,XC,D
11:18:37,MYOR,RG,2330,2,F,KZ,KZ,F
11:18:35,MYOR,RG,2330,1,F,KZ,KZ,F
11:18:35,MYOR,RG,2330,11,F,KZ,ZP,D
11:18:35,MYOR,RG,2330,9,F,KZ,ZP,D
11:16:37,MYOR,RG,2330,2,F,KZ,PC,D
11:14:49,MYOR,RG,2330,2,F,KZ,NI,D
11:12:57,MYOR,RG,2330,2,F,KZ,KZ,F
11:12:55,MYOR,RG,2330,2,F,KZ,KZ,F
11:12:54,MYOR,RG,2330,2,D,DH,KZ,F
11:12:54,MYOR,RG,2330,47,D,DH,OD,D
11:12:54,MYOR,RG,2330,1,D,DH,KZ,F
11:12:54,MYOR,RG,2330,5,D,DH,AT,D
11:12:54,MYOR,RG,2330,2,D,DH,XC,D
11:12:54,MYOR,RG,2330,2,D,DH,PC,D
11:12:54,MYOR,RG,2330,6,D,DH,KZ,F
11:12:54,MYOR,RG,2330,1,D,DH,KZ,F
11:12:54,MYOR,RG,2330,34,D,DH,KK,D
11:12:13,MYOR,RG,2330,3,F,KZ,KK,D
11:12:12,MYOR,RG,2330,5,D,KK,KK,D
11:11:30,MYOR,RG,2330,4,F,KZ,KK,D
11:11:29,MYOR,RG,2330,9,D,XC,KK,D
11:06:31,MYOR,RG,2330,3,F,KZ,KK,D
11:06:31,MYOR,RG,2330,2,F,KZ,KK,D
11:05:29,MYOR,RG,2330,1,D,XC,XC,D
11:05:03,MYOR,RG,2330,1,D,XC,KZ,F
11:05:03,MYOR,RG,2330,3,D,XC,KZ,F
11:05:03,MYOR,RG,2330,1,D,XC,KZ,F
11:05:03,MYOR,RG,2330,4,D,XC,PD,D
11:04:27,MYOR,RG,2330,1,F,KZ,PD,D
11:04:26,MYOR,RG,2330,2,D,XC,PD,D
11:02:42,MYOR,RG,2330,1,F,KZ,PD,D
11:02:42,MYOR,RG,2330,3,D,PD,PD,D
11:01:54,MYOR,RG,2330,1,F,KZ,PD,D
11:01:53,MYOR,RG,2330,2,F,KZ,PD,D
11:01:53,MYOR,RG,2330,4,D,XC,PD,D
11:01:53,MYOR,RG,2330,1,F,KZ,PD,D
11:01:53,MYOR,RG,2330,1,D,NI,PD,D
11:01:53,MYOR,RG,2330,2,F,KZ,PD,D
11:01:53,MYOR,RG,2330,2,F,KZ,PD,D
11:01:53,MYOR,RG,2330,10,F,KZ,PD,D
11:01:53,MYOR,RG,2330,6,D,NI,PD,D
10:58:06,MYOR,RG,2340,1,D,NI,AI,D
10:57:36,MYOR,RG,2340,2,D,PC,AI,D
10:57:21,MYOR,RG,2330,4,D,NI,KZ,F
10:57:21,MYOR,RG,2330,1,D,NI,KZ,F
10:57:21,MYOR,RG,2330,19,D,NI,YP,D
10:56:44,MYOR,RG,2330,1,F,KZ,YP,D
10:56:43,MYOR,RG,2330,3,D,CC,YP,D
10:56:24,MYOR,RG,2330,1,F,KZ,YP,D
10:56:24,MYOR,RG,2330,1,D,KK,YP,D
10:55:28,MYOR,RG,2330,3,F,KZ,YP,D
10:55:28,MYOR,RG,2330,7,D,PD,YP,D
10:55:07,MYOR,RG,2330,1,F,KZ,YP,D
10:55:06,MYOR,RG,2330,1,D,NI,YP,D
10:54:45,MYOR,RG,2330,1,D,NI,YP,D
10:54:45,MYOR,RG,2330,1,F,KZ,YP,D
10:54:45,MYOR,RG,2330,2,D,NI,YP,D
10:54:45,MYOR,RG,2330,1,D,KK,YP,D
10:51:06,MYOR,RG,2330,5,D,KK,YP,D
10:48:15,MYOR,RG,2330,1,D,PD,PC,D
10:47:59,MYOR,RG,2330,1,D,PD,PC,D
10:47:59,MYOR,RG,2330,1,D,PD,KZ,F
10:47:59,MYOR,RG,2330,2,D,PD,KZ,F
10:47:59,MYOR,RG,2330,1,D,PD,YP,D
10:47:46,MYOR,RG,2330,3,D,CC,YP,D
10:47:44,MYOR,RG,2330,1,D,XC,YP,D
10:46:47,MYOR,RG,2330,1,D,XC,YP,D
10:46:40,MYOR,RG,2330,1,D,PD,YP,D
10:43:43,MYOR,RG,2330,17,D,XC,YP,D
10:42:21,MYOR,RG,2330,1,D,NI,YP,D
10:42:21,MYOR,RG,2330,1,D,NI,IF,D
10:42:21,MYOR,RG,2330,1,D,NI,KZ,F
10:42:21,MYOR,RG,2330,2,D,NI,XC,D
10:40:07,MYOR,RG,2330,1,D,CC,XC,D
10:40:07,MYOR,RG,2330,4,D,CC,PD,D
10:36:06,MYOR,RG,2330,3,F,KZ,PD,D
10:36:06,MYOR,RG,2330,297,F,KZ,AI,D
10:35:07,MYOR,RG,2330,1,D,XC,AI,D
10:34:20,MYOR,RG,2330,1,D,KK,AI,D
10:34:18,MYOR,RG,2330,1,D,BQ,AI,D
10:34:18,MYOR,RG,2330,1,D,BQ,NI,D
10:34:18,MYOR,RG,2330,2,D,BQ,KZ,F
10:33:46,MYOR,RG,2330,10,D,PD,KZ,F
10:30:03,MYOR,RG,2330,1,D,PD,KZ,F
10:28:27,MYOR,RG,2330,1,D,YP,KZ,F
10:23:42,MYOR,RG,2330,1,D,PD,KZ,F
10:23:31,MYOR,RG,2330,1,D,CC,KZ,F
10:23:30,MYOR,RG,2330,134,F,KZ,KZ,F
10:23:30,MYOR,RG,2330,2,F,KZ,YP,D
10:23:30,MYOR,RG,2330,14,F,KZ,CC,D
10:22:20,MYOR,RG,2330,66,F,KZ,AI,D
10:22:18,MYOR,RG,2330,234,F,KZ,AI,D
10:22:18,MYOR,RG,2330,14,F,KZ,XC,D
10:22:18,MYOR,RG,2330,2,F,KZ,YP,D
10:21:45,MYOR,RG,2320,1,D,XC,CC,D
10:21:45,MYOR,RG,2320,3,F,KZ,CC,D
10:21:45,MYOR,RG,2320,5,D,XC,CC,D
10:21:45,MYOR,RG,2320,2,F,KZ,CC,D
10:21:45,MYOR,RG,2320,10,D,PD,CC,D
10:21:45,MYOR,RG,2320,16,F,KZ,CC,D
10:21:45,MYOR,RG,2320,31,D,DR,CC,D
10:21:45,MYOR,RG,2320,9,F,KZ,CC,D
10:21:45,MYOR,RG,2320,15,D,BQ,CC,D
10:20:06,MYOR,RG,2320,6,D,BQ,YP,D
10:18:57,MYOR,RG,2320,1,F,KZ,YP,D
10:18:57,MYOR,RG,2320,1,F,KZ,YP,D
10:18:57,MYOR,RG,2320,1,D,GR,YP,D
10:18:37,MYOR,RG,2330,1,D,XC,YP,D
10:18:31,MYOR,RG,2320,2,D,ZP,YP,D
10:18:31,MYOR,RG,2320,1,D,CC,YP,D
10:18:31,MYOR,RG,2320,379,F,KZ,YP,D
10:18:31,MYOR,RG,2320,1,D,XC,YP,D
10:18:31,MYOR,RG,2320,2,D,PD,YP,D
10:18:31,MYOR,RG,2320,150,F,KZ,YP,D
10:18:31,MYOR,RG,2320,1,D,XC,YP,D
10:18:31,MYOR,RG,2320,400,D,DR,YP,D
10:18:31,MYOR,RG,2320,8,D,XC,YP,D
10:18:31,MYOR,RG,2320,1,D,CC,YP,D
10:18:31,MYOR,RG,2320,4,D,PD,YP,D
10:18:31,MYOR,RG,2320,5,D,PD,YP,D
10:18:31,MYOR,RG,2320,1,D,XC,YP,D
10:18:31,MYOR,RG,2320,10,D,PD,YP,D
10:18:31,MYOR,RG,2320,10,D,PD,YP,D
10:18:31,MYOR,RG,2320,20,D,XC,YP,D
10:18:31,MYOR,RG,2320,100,D,YJ,YP,D
10:18:31,MYOR,RG,2320,1,D,PD,YP,D
10:18:31,MYOR,RG,2320,1,D,NI,YP,D
10:18:31,MYOR,RG,2320,5,D,XC,YP,D
10:18:31,MYOR,RG,2320,5,D,NI,YP,D
10:18:31,MYOR,RG,2320,10,D,CC,YP,D
10:18:31,MYOR,RG,2320,2,D,YP,YP,D
10:18:31,MYOR,RG,2320,1,D,PD,YP,D
10:18:31,MYOR,RG,2320,20,D,XC,YP,D
10:18:31,MYOR,RG,2320,5,D,CC,YP,D
10:18:31,MYOR,RG,2320,5,D,YP,YP,D
10:18:08,MYOR,RG,2330,4,F,KZ,YP,D
10:18:08,MYOR,RG,2330,1,D,NI,YP,D
10:18:08,MYOR,RG,2330,6,D,XC,YP,D
10:18:08,MYOR,RG,2330,2,F,KZ,YP,D
10:18:08,MYOR,RG,2330,4,D,KK,YP,D
10:18:08,MYOR,RG,2330,8,F,KZ,YP,D
10:18:08,MYOR,RG,2330,7,F,KZ,YP,D
10:17:56,MYOR,RG,2330,10,F,KZ,GR,D
10:14:32,MYOR,RG,2330,58,F,KZ,KZ,F
10:14:32,MYOR,RG,2330,17,F,KZ,KZ,F
10:14:21,MYOR,RG,2330,12,F,KZ,YP,D
10:14:09,MYOR,RG,2330,50,F,KZ,KZ,F
10:14:09,MYOR,RG,2330,5,D,SQ,KZ,F
10:14:09,MYOR,RG,2330,15,D,CC,KZ,F
10:12:18,MYOR,RG,2340,1,D,XC,AI,D
10:08:45,MYOR,RG,2330,1,D,XC,KZ,F
10:08:45,MYOR,RG,2330,4,D,PD,KZ,F
10:08:45,MYOR,RG,2330,2,F,KZ,KZ,F
10:08:45,MYOR,RG,2330,1,F,KZ,KZ,F
10:08:45,MYOR,RG,2330,8,F,KZ,KZ,F
10:08:45,MYOR,RG,2330,2,F,KZ,KZ,F
10:08:45,MYOR,RG,2330,12,F,KZ,KZ,F
10:08:45,MYOR,RG,2330,2,D,PD,KZ,F
10:08:45,MYOR,RG,2330,7,D,XC,KZ,F
10:08:45,MYOR,RG,2330,1,D,PD,KZ,F
10:08:45,MYOR,RG,2330,3,D,XC,KZ,F
10:08:45,MYOR,RG,2330,2,D,XA,KZ,F
10:08:45,MYOR,RG,2330,2,D,NI,KZ,F
10:08:45,MYOR,RG,2330,12,D,XC,KZ,F
10:08:45,MYOR,RG,2330,2,D,SS,KZ,F
10:08:45,MYOR,RG,2330,10,D,PD,KZ,F
10:08:45,MYOR,RG,2330,4,F,KZ,KZ,F
10:05:12,MYOR,RG,2340,4,D,KK,AI,D
10:04:46,MYOR,RG,2340,2,D,PD,AI,D
10:04:25,MYOR,RG,2340,20,D,NI,AI,D
10:04:00,MYOR,RG,2340,6,D,XC,AI,D
10:03:59,MYOR,RG,2330,4,F,KZ,YP,D
10:02:14,MYOR,RG,2340,4,F,KZ,AI,D
10:01:58,MYOR,RG,2340,45,F,KZ,AI,D
10:01:57,MYOR,RG,2340,112,D,XC,AI,D
10:01:57,MYOR,RG,2340,12,D,XC,XL,D
10:01:57,MYOR,RG,2340,1,D,XC,XC,D
10:01:22,MYOR,RG,2340,8,D,PD,XC,D
10:01:22,MYOR,RG,2340,2,D,PD,PD,D
10:01:21,MYOR,RG,2340,1,D,PD,PD,D
10:00:36,MYOR,RG,2340,2,D,YP,PD,D
9:59:00,MYOR,RG,2330,1,F,KZ,PD,D
9:58:04,MYOR,RG,2330,1,F,KZ,PD,D
9:58:01,MYOR,RG,2340,1,D,PD,PD,D
9:57:49,MYOR,RG,2330,45,F,KZ,HP,D
9:57:49,MYOR,RG,2330,55,D,YJ,HP,D
9:57:09,MYOR,RG,2340,10,D,CC,PD,D
9:56:53,MYOR,RG,2340,4,F,KZ,PD,D
9:56:53,MYOR,RG,2340,3,F,KZ,CC,D
9:56:53,MYOR,RG,2340,1,F,KZ,XC,D
9:56:53,MYOR,RG,2340,15,F,KZ,SQ,D
9:56:52,MYOR,RG,2340,3,D,XC,SQ,D
9:56:45,MYOR,RG,2330,10,D,YJ,NI,D
9:56:17,MYOR,RG,2330,2,D,YJ,CC,D
9:53:19,MYOR,RG,2330,25,D,YJ,DH,D
9:52:53,MYOR,RG,2330,8,D,YJ,PD,D
9:52:49,MYOR,RG,2340,1,D,SS,SQ,D
9:52:44,MYOR,RG,2340,1,F,KZ,SQ,D
9:52:18,MYOR,RG,2340,2,D,XC,SQ,D
9:50:37,MYOR,RG,2340,1,F,KZ,SQ,D
9:50:37,MYOR,RG,2340,1,D,XC,SQ,D
9:48:54,MYOR,RG,2340,1,F,KZ,SQ,D
9:48:49,MYOR,RG,2340,2,F,KZ,SQ,D
9:48:30,MYOR,RG,2340,1,D,XC,SQ,D
9:48:29,MYOR,RG,2340,1,F,KZ,SQ,D
9:46:55,MYOR,RG,2340,1,D,PD,SQ,D
9:46:43,MYOR,RG,2340,5,D,XC,SQ,D
9:43:28,MYOR,RG,2340,1,D,XC,SQ,D
9:41:36,MYOR,RG,2340,1,D,XC,SQ,D
9:41:09,MYOR,RG,2340,22,F,KZ,SQ,D
9:41:04,MYOR,RG,2340,1,F,KZ,SQ,D
9:41:04,MYOR,RG,2340,7,F,KZ,SQ,D
9:41:02,MYOR,RG,2340,3,F,KZ,SQ,D
9:41:02,MYOR,RG,2340,5,F,KZ,PD,D
9:41:02,MYOR,RG,2340,2,F,KZ,PD,D
9:41:02,MYOR,RG,2340,1,F,KZ,PD,D
9:40:59,MYOR,RG,2330,5,F,KZ,KK,D
9:40:58,MYOR,RG,2330,2,F,BK,KK,D
9:40:58,MYOR,RG,2330,7,F,BK,PD,D
9:40:58,MYOR,RG,2330,2,F,BK,XC,D
9:40:58,MYOR,RG,2330,13,F,BK,DH,D
9:40:58,MYOR,RG,2330,57,F,BK,YP,D
9:40:58,MYOR,RG,2330,5,F,KZ,YP,D
9:40:57,MYOR,RG,2330,10,D,AG,YP,D
9:39:41,MYOR,RG,2330,1,D,AG,YP,D
9:38:38,MYOR,RG,2320,23,F,KZ,SQ,D
9:38:38,MYOR,RG,2320,62,F,BK,SQ,D
9:38:38,MYOR,RG,2320,5,D,XC,SQ,D
9:38:38,MYOR,RG,2320,1,D,XC,SQ,D
9:38:38,MYOR,RG,2320,14,F,KZ,SQ,D
9:38:38,MYOR,RG,2320,4,D,CC,SQ,D
9:38:38,MYOR,RG,2320,2,D,XC,SQ,D
9:38:38,MYOR,RG,2320,10,D,PD,SQ,D
9:38:38,MYOR,RG,2320,3,D,CC,SQ,D
9:38:38,MYOR,RG,2320,3,D,YP,SQ,D
9:38:38,MYOR,RG,2320,1,D,XC,SQ,D
9:38:38,MYOR,RG,2320,1,D,YP,SQ,D
9:38:38,MYOR,RG,2320,22,F,KZ,SQ,D
9:38:38,MYOR,RG,2320,49,D,YP,SQ,D
9:38:02,MYOR,RG,2330,10,F,KZ,YP,D
9:38:01,MYOR,RG,2330,15,D,CC,YP,D
9:37:26,MYOR,RG,2320,1,D,YP,PD,D
9:37:26,MYOR,RG,2320,3,F,KZ,PD,D
9:37:02,MYOR,RG,2320,4,D,CP,XC,D
9:36:37,MYOR,RG,2320,16,D,CP,YU,D
9:36:37,MYOR,RG,2320,4,F,KZ,YU,D
9:36:11,MYOR,RG,2330,1,D,XC,YP,D
9:35:56,MYOR,RG,2330,1,F,KZ,YP,D
9:35:33,MYOR,RG,2330,2,D,XC,SQ,D
9:35:33,MYOR,RG,2330,53,F,KZ,SQ,D
9:35:33,MYOR,RG,2330,62,F,BK,SQ,D
9:35:33,MYOR,RG,2330,50,D,CP,SQ,D
9:35:33,MYOR,RG,2330,2,F,KZ,SQ,D
9:35:33,MYOR,RG,2330,7,D,XC,SQ,D
9:35:33,MYOR,RG,2330,1,D,ZP,SQ,D
9:35:33,MYOR,RG,2330,2,F,KZ,SQ,D
9:35:33,MYOR,RG,2330,1,D,XC,SQ,D
9:35:04,MYOR,RG,2330,1,D,XC,XC,D
9:33:34,MYOR,RG,2330,1,D,XC,CC,D
9:33:02,MYOR,RG,2330,1,D,XC,NI,D
9:32:58,MYOR,RG,2330,5,F,KZ,YP,D
9:32:45,MYOR,RG,2330,2,F,KZ,YU,D
9:32:45,MYOR,RG,2330,2,D,NI,YU,D
9:32:45,MYOR,RG,2330,6,D,NI,YU,D
9:32:03,MYOR,RG,2330,4,D,NI,XC,D
9:32:03,MYOR,RG,2330,5,D,YP,XC,D
9:32:03,MYOR,RG,2330,1,F,KZ,XC,D
9:32:03,MYOR,RG,2330,1,F,KZ,XC,D
9:32:03,MYOR,RG,2330,4,D,DH,XC,D
9:32:03,MYOR,RG,2330,4,F,KZ,XC,D
9:32:03,MYOR,RG,2330,1,D,XC,XC,D
9:30:54,MYOR,RG,2330,1,F,KZ,YB,D
9:30:54,MYOR,RG,2330,1,D,YP,YB,D
9:29:40,MYOR,RG,2320,1,F,KZ,XC,D
9:29:39,MYOR,RG,2320,9,F,KZ,PD,D
9:29:39,MYOR,RG,2320,15,D,CC,PD,D
9:29:31,MYOR,RG,2320,25,D,CC,CC,D
9:29:31,MYOR,RG,2320,1,D,XC,CC,D
9:29:31,MYOR,RG,2320,1,F,KZ,CC,D
9:29:31,MYOR,RG,2320,2,F,OD,CC,D
9:29:31,MYOR,RG,2320,1,F,KZ,CC,D
9:29:31,MYOR,RG,2320,4,F,KZ,CC,D
9:29:31,MYOR,RG,2320,5,D,XC,CC,D
9:29:31,MYOR,RG,2320,5,D,PD,CC,D
9:29:31,MYOR,RG,2320,1,D,YP,CC,D
9:29:31,MYOR,RG,2330,1,F,KZ,CC,D
9:29:31,MYOR,RG,2330,5,D,XC,CC,D
9:29:31,MYOR,RG,2330,2,F,KZ,CC,D
9:29:31,MYOR,RG,2330,2,D,YP,CC,D
9:28:38,MYOR,RG,2340,1,F,KZ,SQ,D
9:28:38,MYOR,RG,2340,3,F,KZ,SQ,D
9:28:38,MYOR,RG,2340,10,D,YP,SQ,D
9:28:38,MYOR,RG,2340,1,F,KZ,SQ,D
9:28:38,MYOR,RG,2340,7,F,KZ,SQ,D
9:28:38,MYOR,RG,2340,1,F,KZ,SQ,D
9:28:38,MYOR,RG,2340,3,F,KZ,SQ,D
9:28:38,MYOR,RG,2340,24,F,KZ,SQ,D
9:28:18,MYOR,RG,2350,1,D,CC,CC,D
9:27:07,MYOR,RG,2350,1,D,PD,CC,D
9:27:05,MYOR,RG,2340,5,F,KZ,PD,D
9:27:02,MYOR,RG,2340,1,D,DH,PD,D
9:27:02,MYOR,RG,2340,1,D,DH,KZ,F
9:27:02,MYOR,RG,2340,3,D,DH,KZ,F
9:27:02,MYOR,RG,2340,25,D,DH,CC,D
9:27:02,MYOR,RG,2340,2,D,DH,KZ,F
9:27:02,MYOR,RG,2340,35,D,DH,KZ,F
9:27:02,MYOR,RG,2340,1,D,DH,PD,D
9:27:02,MYOR,RG,2340,2,D,DH,KZ,F
9:27:02,MYOR,RG,2340,1,D,DH,KZ,F
9:27:02,MYOR,RG,2340,1,D,DH,KK,D
9:27:02,MYOR,RG,2340,2,D,DH,XC,D
9:27:02,MYOR,RG,2330,1,D,DH,PD,D
9:27:02,MYOR,RG,2330,1,D,DH,XC,D
9:27:02,MYOR,RG,2330,1,D,DH,KZ,F
9:27:02,MYOR,RG,2330,2,D,DH,KZ,F
9:27:02,MYOR,RG,2330,20,D,DH,EP,D
9:27:02,MYOR,RG,2330,1,D,DH,PD,D
9:26:41,MYOR,RG,2320,1,D,YP,KZ,F
9:26:41,MYOR,RG,2320,1,D,YP,KZ,F
9:26:35,MYOR,RG,2320,1,F,KZ,KZ,F
9:26:34,MYOR,RG,2320,1,F,KZ,GR,D
9:26:34,MYOR,RG,2320,5,D,PD,GR,D
9:26:34,MYOR,RG,2320,4,F,KZ,GR,D
9:25:55,MYOR,RG,2320,10,D,YP,EP,D
9:25:55,MYOR,RG,2320,3,F,KZ,EP,D
9:25:55,MYOR,RG,2320,2,D,XC,EP,D
9:25:53,MYOR,RG,2330,1,D,YP,KZ,F
9:25:52,MYOR,RG,2320,6,D,XC,EP,D
9:25:52,MYOR,RG,2320,1,D,NI,EP,D
9:25:52,MYOR,RG,2320,3,F,KZ,EP,D
9:25:07,MYOR,RG,2320,1,F,KZ,YP,D
9:24:44,MYOR,RG,2320,4,F,KZ,PD,D
9:24:44,MYOR,RG,2320,1,F,KZ,PD,D
9:24:44,MYOR,RG,2320,1,F,KZ,PD,D
9:24:11,MYOR,RG,2320,1,F,KZ,PD,D
9:23:30,MYOR,RG,2320,1,D,KK,PD,D
9:23:24,MYOR,RG,2320,3,D,KK,KZ,F
9:23:24,MYOR,RG,2320,4,D,KK,KZ,F
9:23:09,MYOR,RG,2320,1,F,KZ,KZ,F
9:23:09,MYOR,RG,2320,9,D,CC,KZ,F
9:23:07,MYOR,RG,2320,1,D,CC,KZ,F
9:23:07,MYOR,RG,2320,1,D,PD,KZ,F
9:23:07,MYOR,RG,2320,4,D,NI,KZ,F
9:23:07,MYOR,RG,2320,3,D,AI,KZ,F
9:23:06,MYOR,RG,2320,2,D,AI,SQ,D
9:23:06,MYOR,RG,2320,1,D,GR,SQ,D
9:23:06,MYOR,RG,2320,3,F,KZ,SQ,D
9:23:06,MYOR,RG,2320,4,F,KZ,SQ,D
9:23:06,MYOR,RG,2320,1,D,CC,SQ,D
9:23:06,MYOR,RG,2320,10,D,PD,SQ,D
9:23:06,MYOR,RG,2320,5,F,KZ,SQ,D
9:23:06,MYOR,RG,2320,10,F,KZ,SQ,D
9:23:06,MYOR,RG,2320,10,D,NI,SQ,D
9:23:06,MYOR,RG,2320,2,F,KZ,SQ,D
9:23:06,MYOR,RG,2320,2,F,KZ,SQ,D
9:23:06,MYOR,RG,2320,1,F,KZ,SQ,D
9:23:06,MYOR,RG,2320,1,D,YP,SQ,D
9:23:06,MYOR,RG,2320,5,D,PD,SQ,D
9:23:06,MYOR,RG,2320,1,D,XC,SQ,D
9:23:06,MYOR,RG,2320,1,D,PD,SQ,D
9:23:06,MYOR,RG,2320,1,F,KZ,SQ,D
9:23:06,MYOR,RG,2320,5,F,KZ,SQ,D
9:23:06,MYOR,RG,2320,15,D,YP,SQ,D
9:23:06,MYOR,RG,2320,1,D,XC,SQ,D
9:23:06,MYOR,RG,2320,1,D,XC,SQ,D
9:23:06,MYOR,RG,2320,6,F,KZ,SQ,D
9:23:06,MYOR,RG,2320,32,F,KZ,SQ,D
9:23:06,MYOR,RG,2320,80,D,HP,SQ,D
9:22:35,MYOR,RG,2330,7,D,PD,PD,D
9:22:35,MYOR,RG,2330,2,D,PD,KZ,F
9:22:35,MYOR,RG,2330,1,D,PD,CC,D
9:22:26,MYOR,RG,2320,1,D,HP,XC,D
9:21:58,MYOR,RG,2320,5,D,HP,KZ,F
9:21:57,MYOR,RG,2320,3,D,HP,KZ,F
9:21:53,MYOR,RG,2330,6,D,KK,CC,D
9:21:52,MYOR,RG,2320,11,D,HP,CC,D
9:21:52,MYOR,RG,2320,36,F,KZ,CC,D
9:21:52,MYOR,RG,2320,10,D,XC,CC,D
9:21:52,MYOR,RG,2320,2,D,YU,CC,D
9:21:52,MYOR,RG,2320,4,D,XL,CC,D
9:21:52,MYOR,RG,2320,1,D,XC,CC,D
9:21:52,MYOR,RG,2320,1,D,PD,CC,D
9:21:52,MYOR,RG,2320,1,D,XC,CC,D
9:21:52,MYOR,RG,2320,20,D,CC,CC,D
9:21:39,MYOR,RG,2320,1,D,XC,KZ,F
9:21:39,MYOR,RG,2320,5,D,KK,KZ,F
9:21:39,MYOR,RG,2320,43,D,KK,CC,D
9:21:32,MYOR,RG,2330,6,D,NI,CC,D
9:21:32,MYOR,RG,2330,4,D,NI,YP,D
9:21:10,MYOR,RG,2330,2,F,OD,XC,D
9:19:50,MYOR,RG,2330,1,D,PD,XC,D
9:19:14,MYOR,RG,2330,2,D,YP,XC,D
9:19:01,MYOR,RG,2330,11,F,BK,KZ,F
9:19:01,MYOR,RG,2320,1,D,KK,KZ,F
9:18:56,MYOR,RG,2330,1,F,KZ,KZ,F
9:18:55,MYOR,RG,2330,11,F,KZ,SQ,D
9:18:55,MYOR,RG,2330,62,F,BK,SQ,D
9:18:55,MYOR,RG,2330,12,F,KZ,SQ,D
9:18:55,MYOR,RG,2330,3,D,XC,SQ,D
9:18:55,MYOR,RG,2330,12,F,KZ,SQ,D
9:18:21,MYOR,RG,2330,1,F,KZ,KZ,F
9:18:16,MYOR,RG,2340,3,D,NI,CC,D
9:18:16,MYOR,RG,2330,10,F,KZ,KZ,F
9:18:14,MYOR,RG,2330,3,F,BK,KZ,F
9:18:13,MYOR,RG,2330,49,F,BK,SQ,D
9:18:13,MYOR,RG,2330,10,F,KZ,SQ,D
9:18:13,MYOR,RG,2330,25,D,KK,SQ,D
9:18:13,MYOR,RG,2330,1,F,KZ,SQ,D
9:18:13,MYOR,RG,2330,20,F,KZ,SQ,D
9:18:13,MYOR,RG,2330,1,D,XC,SQ,D
9:18:13,MYOR,RG,2330,3,F,KZ,SQ,D
9:18:13,MYOR,RG,2330,1,F,KZ,SQ,D
9:18:00,MYOR,RG,2330,1,F,KZ,XC,D
9:18:00,MYOR,RG,2330,1,D,DR,XC,D
9:17:35,MYOR,RG,2330,4,D,DR,KZ,F
9:17:32,MYOR,RG,2340,50,D,PD,CC,D
9:17:11,MYOR,RG,2330,1,D,YU,KZ,F
9:17:09,MYOR,RG,2320,1,D,KK,PD,D
9:17:09,MYOR,RG,2320,1,D,YP,PD,D
9:17:01,MYOR,RG,2320,2,D,YP,KZ,F
9:16:54,MYOR,RG,2320,17,D,YP,YP,D
9:16:54,MYOR,RG,2320,1,F,KZ,YP,D
9:16:54,MYOR,RG,2320,1,D,XC,YP,D
9:16:54,MYOR,RG,2320,1,D,PD,YP,D
9:16:54,MYOR,RG,2320,1,F,KZ,YP,D
9:16:54,MYOR,RG,2320,1,D,XC,YP,D
9:16:54,MYOR,RG,2320,12,F,KZ,YP,D
9:16:54,MYOR,RG,2320,5,D,DR,YP,D
9:16:54,MYOR,RG,2320,5,D,KK,YP,D
9:16:39,MYOR,RG,2320,5,D,KK,KK,D
9:16:39,MYOR,RG,2320,10,D,SQ,KK,D
9:16:30,MYOR,RG,2330,1,F,KZ,AK,F
9:16:30,MYOR,RG,2330,1,F,KZ,AK,F
9:16:29,MYOR,RG,2330,3,F,KZ,AK,F
9:16:29,MYOR,RG,2330,5,F,KZ,AK,F
9:16:29,MYOR,RG,2330,2,F,KZ,XC,D
9:16:24,MYOR,RG,2330,1,F,KZ,XC,D
9:16:10,MYOR,RG,2330,1,D,XC,AK,F
9:15:49,MYOR,RG,2330,1,F,KZ,AK,F
9:15:48,MYOR,RG,2330,1,D,PD,AK,F
9:15:48,MYOR,RG,2330,4,D,NI,AK,F
9:15:47,MYOR,RG,2330,25,D,NI,SQ,D
9:15:47,MYOR,RG,2330,2,D,CC,SQ,D
9:15:47,MYOR,RG,2330,1,D,KK,SQ,D
9:15:47,MYOR,RG,2330,2,F,KZ,SQ,D
9:15:47,MYOR,RG,2330,2,F,KZ,SQ,D
9:15:47,MYOR,RG,2330,1,F,KZ,SQ,D
9:15:47,MYOR,RG,2330,8,F,KZ,SQ,D
9:15:47,MYOR,RG,2330,5,D,CC,SQ,D
9:15:47,MYOR,RG,2330,25,D,KK,SQ,D
9:15:47,MYOR,RG,2330,3,F,KZ,SQ,D
9:15:47,MYOR,RG,2330,2,F,KZ,SQ,D
9:15:47,MYOR,RG,2330,9,F,KZ,SQ,D
9:15:47,MYOR,RG,2330,5,D,YP,SQ,D
9:15:09,MYOR,RG,2340,4,F,KZ,CC,D
9:15:09,MYOR,RG,2340,1,F,KZ,CC,D
9:15:09,MYOR,RG,2340,3,F,KZ,CC,D
9:15:09,MYOR,RG,2340,2,F,KZ,KZ,F
9:14:42,MYOR,RG,2340,1,D,XC,KZ,F
9:14:24,MYOR,RG,2340,4,D,DH,KZ,F
9:13:42,MYOR,RG,2340,9,D,OD,KZ,F
9:13:42,MYOR,RG,2340,3,D,OD,KZ,F
9:13:42,MYOR,RG,2340,1,D,OD,YP,D
9:13:42,MYOR,RG,2340,7,D,OD,YP,D
9:13:41,MYOR,RG,2340,1,D,XC,YP,D
9:13:17,MYOR,RG,2340,2,D,KK,YP,D
9:13:11,MYOR,RG,2330,2,D,YP,KZ,F
9:13:09,MYOR,RG,2340,13,F,KZ,PD,D
9:13:09,MYOR,RG,2340,4,F,KZ,PD,D
9:13:04,MYOR,RG,2330,2,D,YP,PD,D
9:12:35,MYOR,RG,2330,1,D,YP,KZ,F
9:12:34,MYOR,RG,2330,4,D,YP,KZ,F
9:12:34,MYOR,RG,2330,1,D,YP,KZ,F
9:12:34,MYOR,RG,2330,24,D,YP,CC,D
9:12:33,MYOR,RG,2330,10,D,CC,CC,D
9:12:25,MYOR,RG,2330,1,D,YP,CC,D
9:12:20,MYOR,RG,2330,2,D,CC,CC,D
9:12:20,MYOR,RG,2330,2,D,CC,CC,D
9:12:19,MYOR,RG,2330,1,D,CC,KZ,F
9:12:19,MYOR,RG,2330,6,D,CC,YP,D
9:12:19,MYOR,RG,2330,1,D,CC,KZ,F
9:12:19,MYOR,RG,2330,1,D,CC,KZ,F
9:12:19,MYOR,RG,2330,1,D,CC,KZ,F
9:12:19,MYOR,RG,2330,8,D,CC,YP,D
9:12:18,MYOR,RG,2320,5,D,SQ,CC,D
9:12:18,MYOR,RG,2320,3,D,SQ,PD,D
9:12:17,MYOR,RG,2320,2,D,SQ,PD,D
9:12:09,MYOR,RG,2330,2,F,KZ,YP,D
9:12:09,MYOR,RG,2330,6,D,YP,YP,D
9:12:09,MYOR,RG,2330,1,F,KZ,YP,D
9:11:44,MYOR,RG,2330,1,D,OD,YP,D
9:11:44,MYOR,RG,2330,1,F,KZ,YP,D
9:11:44,MYOR,RG,2330,6,D,XC,YP,D
9:11:44,MYOR,RG,2330,1,F,KZ,YP,D
9:11:44,MYOR,RG,2330,3,F,KZ,YP,D
9:11:37,MYOR,RG,2330,1,F,KZ,DH,D
9:11:27,MYOR,RG,2330,1,F,KZ,XC,D
9:11:21,MYOR,RG,2330,14,F,KZ,KZ,F
9:11:21,MYOR,RG,2330,51,D,XC,KZ,F
9:11:21,MYOR,RG,2330,4,F,KZ,KZ,F
9:11:11,MYOR,RG,2330,4,F,KZ,KZ,F
9:11:11,MYOR,RG,2330,1,D,XC,KZ,F
9:11:11,MYOR,RG,2330,1,D,YP,KZ,F
9:11:01,MYOR,RG,2330,4,D,YP,KZ,F
9:11:01,MYOR,RG,2330,2,D,YP,KZ,F
9:10:58,MYOR,RG,2330,1,D,YP,KZ,F
9:10:57,MYOR,RG,2330,2,D,YP,YP,D
9:10:57,MYOR,RG,2330,1,D,PD,YP,D
9:10:56,MYOR,RG,2330,3,D,CC,KZ,F
9:10:56,MYOR,RG,2330,2,D,CC,PD,D
9:10:38,MYOR,RG,2340,1,D,PD,PD,D
9:10:01,MYOR,RG,2340,39,F,KZ,PD,D
9:10:00,MYOR,RG,2340,1,D,XC,PD,D
9:09:59,MYOR,RG,2340,1,F,KZ,PD,D
9:09:58,MYOR,RG,2340,2,F,KZ,PD,D
9:09:58,MYOR,RG,2340,1,D,YP,PD,D
9:09:57,MYOR,RG,2340,3,D,YP,KK,D
9:09:57,MYOR,RG,2340,8,F,KZ,KK,D
9:09:57,MYOR,RG,2340,20,D,NI,KK,D
9:09:57,MYOR,RG,2340,7,F,KZ,KK,D
9:09:57,MYOR,RG,2340,3,D,YP,KK,D
9:09:57,MYOR,RG,2340,1,D,KK,KK,D
9:09:57,MYOR,RG,2340,5,D,LG,KK,D
9:09:57,MYOR,RG,2340,10,D,GR,KK,D
9:09:57,MYOR,RG,2340,1,D,PD,KK,D
9:09:57,MYOR,RG,2350,1,D,XC,CC,D
9:09:57,MYOR,RG,2350,20,D,YP,CC,D
9:09:57,MYOR,RG,2350,30,D,YP,CC,D
9:09:57,MYOR,RG,2350,2,D,YP,CC,D
9:09:57,MYOR,RG,2350,20,D,AZ,CC,D
9:09:57,MYOR,RG,2350,7,D,YP,CC,D
9:09:57,MYOR,RG,2350,20,D,XC,CC,D
9:09:57,MYOR,RG,2350,2,D,PD,CC,D
9:09:57,MYOR,RG,2350,2,F,KZ,CC,D
9:09:57,MYOR,RG,2350,5,D,CC,CC,D
9:09:57,MYOR,RG,2350,1,D,YP,CC,D
9:09:57,MYOR,RG,2350,119,F,KZ,CC,D
9:09:57,MYOR,RG,2350,14,D,PD,CC,D
9:09:57,MYOR,RG,2350,18,D,YP,CC,D
9:09:57,MYOR,RG,2350,47,D,YP,CC,D
9:09:57,MYOR,RG,2350,43,D,DH,CC,D
9:09:57,MYOR,RG,2350,10,D,DH,KK,D
9:09:57,MYOR,RG,2350,4,D,DH,KZ,F
9:09:57,MYOR,RG,2350,4,D,DH,DR,D
9:09:57,MYOR,RG,2350,3,D,DH,PD,D
9:09:57,MYOR,RG,2350,33,D,DH,PD,D
9:09:57,MYOR,RG,2350,7,D,DH,PD,D
9:09:57,MYOR,RG,2350,96,D,DH,PD,D
9:09:57,MYOR,RG,2350,3,D,CC,PD,D
9:09:57,MYOR,RG,2350,1,D,XC,PD,D
9:09:57,MYOR,RG,2350,1,D,XC,PD,D
9:09:57,MYOR,RG,2350,1,D,EP,PD,D
9:09:57,MYOR,RG,2350,2,F,KZ,PD,D
9:09:57,MYOR,RG,2350,16,D,SQ,PD,D
9:09:57,MYOR,RG,2350,4,D,SQ,PD,D
9:09:57,MYOR,RG,2350,1,D,SQ,PD,D
9:09:56,MYOR,RG,2350,4,D,SQ,DH,D
9:09:56,MYOR,RG,2350,1,D,PD,DH,D
9:09:51,MYOR,RG,2360,1,F,KZ,CC,D
9:09:50,MYOR,RG,2360,2,D,XC,CC,D
9:09:18,MYOR,RG,2360,8,F,KZ,CC,D
9:09:17,MYOR,RG,2360,20,D,YP,CC,D
9:08:29,MYOR,RG,2360,8,F,KZ,CC,D
9:08:29,MYOR,RG,2360,3,D,XC,CC,D
9:08:29,MYOR,RG,2360,1,D,XC,CC,D
9:08:29,MYOR,RG,2360,5,D,CC,CC,D
9:08:29,MYOR,RG,2360,1,D,SQ,CC,D
9:08:29,MYOR,RG,2360,2,D,YP,CC,D
9:08:29,MYOR,RG,2360,2,D,YP,CC,D
9:08:29,MYOR,RG,2360,16,F,KZ,CC,D
9:08:29,MYOR,RG,2360,50,D,YP,CC,D
9:08:29,MYOR,RG,2360,1,F,KZ,CC,D
9:08:29,MYOR,RG,2360,5,D,CC,CC,D
9:08:11,MYOR,RG,2360,2,F,KZ,KZ,F
9:08:09,MYOR,RG,2360,5,F,KZ,KZ,F
9:08:09,MYOR,RG,2370,1,F,KZ,CC,D
9:08:07,MYOR,RG,2360,1,F,KZ,KZ,F
9:08:06,MYOR,RG,2360,10,F,KZ,CC,D
9:08:06,MYOR,RG,2360,10,D,PD,CC,D
9:08:06,MYOR,RG,2360,25,D,PD,CC,D
9:08:06,MYOR,RG,2360,5,D,XC,CC,D
9:07:46,MYOR,RG,2370,2,D,YP,CC,D
9:06:01,MYOR,RG,2370,4,F,KZ,CC,D
9:06:01,MYOR,RG,2370,10,D,PD,CC,D
9:05:45,MYOR,RG,2370,1,D,YP,CC,D
9:04:04,MYOR,RG,2370,1,D,YP,XC,D
9:04:04,MYOR,RG,2370,1,D,PD,XC,D
9:02:37,MYOR,RG,2370,1,F,KZ,EP,D
9:02:37,MYOR,RG,2370,3,D,PD,EP,D
9:01:52,MYOR,RG,2370,1,D,PD,KZ,F
9:01:52,MYOR,RG,2370,1,D,PD,KZ,F
9:01:47,MYOR,RG,2370,1,D,SQ,KZ,F
9:01:03,MYOR,RG,2370,1,D,YP,KZ,F
9:01:03,MYOR,RG,2370,2,D,YP,KZ,F
9:01:03,MYOR,RG,2370,3,D,YP,KZ,F
9:01:03,MYOR,RG,2370,4,D,YP,PD,D
9:00:48,MYOR,RG,2370,1,D,YP,PD,D
9:00:41,MYOR,RG,2370,1,F,KZ,PD,D
9:00:38,MYOR,RG,2370,3,F,KZ,PD,D
9:00:34,MYOR,RG,2370,7,F,KZ,PD,D
9:00:33,MYOR,RG,2370,3,F,KZ,PD,D
9:00:33,MYOR,RG,2370,3,D,XC,PD,D
9:00:33,MYOR,RG,2370,5,D,PD,PD,D
9:00:33,MYOR,RG,2370,1,D,XC,PD,D
9:00:30,MYOR,RG,2380,20,D,CC,CC,D
9:00:29,MYOR,RG,2380,1,F,KZ,CC,D
9:00:25,MYOR,RG,2380,1,F,KZ,CC,D
9:00:22,MYOR,RG,2380,2,F,KZ,CC,D
9:00:21,MYOR,RG,2380,2,D,PD,CC,D
9:00:18,MYOR,RG,2380,1,F,KZ,CC,D
9:00:18,MYOR,RG,2380,5,D,PD,CC,D
9:00:15,MYOR,RG,2380,4,D,PD,CC,D
9:00:15,MYOR,RG,2380,3,F,KZ,CC,D
9:00:11,MYOR,RG,2370,2,F,KZ,PD,D
9:00:10,MYOR,RG,2380,1,D,PD,CC,D
9:00:10,MYOR,RG,2380,2,D,PD,CC,D
9:00:10,MYOR,RG,2380,3,D,PD,CC,D
9:00:07,MYOR,RG,2400,1,F,KZ,MG,D
9:00:04,MYOR,RG,2400,5,D,PD,MG,D